device_id,event_date,maintenance_type,pre_level_median_3d,post_day1_level,post_level_median_3d,jump_gain,plateau_gain,jump_gain_ratio,plateau_gain_ratio,post_day7_level,post_7d_change,hold_ratio_7d,upper_recovery_ratio,eligible_jump,eligible_plateau,eligible_post_decay,ineligible_reason
a1,2024-05-18,medium,83.8064688426062,105.617518400501,105.486085217334,21.811049557894805,21.6796163747278,0.2602549643137611,0.2586866703027839,103.750314015008,-1.8672043854929967,0.919935335924606,0.9468715993355427,True,True,True,
a1,2024-07-19,medium,99.80800108652022,111.025325492734,111.44991202038,11.217324406213777,11.641910933859776,0.11238902977818234,0.11664306275173063,109.0307332272705,-1.9945922654634956,0.7922008846439923,1.0004045199243181,True,True,True,
a1,2024-10-01,medium,93.42752441055603,98.7687499011478,98.2425944710745,5.341225490591768,4.815070060518465,0.05716972085357195,0.05153802469772418,95.6813081432447,-3.0874417579030933,0.46806873095549456,0.8818520694747845,True,True,True,
a1,2024-12-02,major,74.5229962777527,93.2118541734271,92.87159532643865,18.688857895674403,18.348599048685955,0.250779743557541,0.24621392006702703,90.55016867899755,-2.6616854944295483,0.8734820766816336,0.833640530107927,True,True,True,
a1,2025-01-21,medium,70.24445444566715,95.95025920466365,95.61342382083934,25.705804758996507,25.3689693751722,0.36594781697506806,0.36115262870743275,94.12682435865725,-1.823434846006407,0.9414008728459822,0.8582519234139546,True,True,True,
a1,2025-03-14,medium,82.1543781691911,113.74357827795899,113.499943272866,31.589200108767884,31.3455651036749,0.38451024537867196,0.3815446699519889,111.798921180897,-1.9446570970619916,0.9457332453141966,1.0188061542889832,True,True,True,
a1,2025-05-10,medium,98.887254130932,107.04536145571,106.579016923193,8.158107324777987,7.691762792260988,0.08249907833396018,0.07778315678658326,105.250525853643,-1.7948356020669962,0.8272839262689368,0.9566820495969122,True,True,True,
a1,2025-06-29,medium,99.7680207809438,105.9504770681795,106.077377354786,6.182456287235695,6.309356573842194,0.06196831648901043,0.06324027002295021,105.688296919337,-0.2621801488424893,0.938332787044868,0.9521791973064996,True,True,True,
a1,2025-09-15,medium,89.6263951267003,112.083471882724,110.9992572194685,22.457076756023696,21.3728620927682,0.25056320433592427,0.23846615790531872,107.023391580209,-5.060080302515004,0.8139759840304777,0.996359320681137,True,True,True,
a1,2025-11-14,major,78.5215250062165,81.34907665342294,80.9568076297243,2.827551647206434,2.4352826235077885,0.036009892153553796,0.031014204363898797,76.6824498921624,-4.666626761260545,-0.7551793357787369,0.726690176808841,True,True,True,
a1,2026-01-19,medium,39.8456921577185,96.0550693748594,95.2839340078218,56.2093772171409,55.438241850103296,1.4106763911805353,1.3913233488495031,92.67403791542165,-3.38103145943775,0.9529224592032172,0.8552943338363918,True,True,True,
a1,2026-03-07,medium,72.3043569048217,104.511709007119,104.17905910518749,32.20735210229729,31.87470220036579,0.44544137422719415,0.4408406846398517,102.699322065037,-1.812386942082,0.9535764434488265,0.9351393798429748,True,True,True,pre_window_valid_days_lt_2
a2,2024-06-04,medium,64.26062799877144,86.3002811354539,86.5552878745284,22.03965313668246,22.294659875756963,0.34297288749035915,0.34694120754909524,85.90449104905025,-0.3957900864036503,0.9708092956293168,0.9320004861068598,True,True,True,pre_window_valid_days_lt_2
a2,2024-08-16,medium,83.41130013371256,99.55602939774955,99.62844915031208,16.144729264036997,16.21714901659952,0.19355566018220763,0.19442388490051835,99.7242605738875,0.1682311761379509,1.0059080312746314,1.072768230784067,True,True,True,
a2,2024-11-03,medium,73.8385011604706,90.0483654315598,90.0742787140604,16.209864271089202,16.2357775535898,0.21953132872863818,0.2198822741310141,89.0839509589273,-0.9644144726324981,0.9390033676019336,0.9698918877021466,True,True,True,
a2,2025-01-01,medium,63.343875224732,74.83520319685805,74.13905544225375,11.491327972126044,10.795180217521747,0.18141182444801493,0.1704218470881755,71.9306397200209,-2.90456347683714,0.7954257661536447,0.798306347404779,True,True,True,
a2,2025-02-20,medium,52.6757051924552,74.8634865434261,74.1610472790709,22.18778135097091,21.485342086615702,0.42121469982994914,0.4078795339923247,71.1876447961636,-3.67584174726251,0.8616078593991955,0.7985431486806719,True,True,True,pre_window_valid_days_lt_2
a2,2025-04-07,medium,61.3572095662684,76.38399313556846,76.2480867946907,15.026783569300058,14.890877228422305,0.24490656722370158,0.2426915652404225,75.3784344050635,-1.0055587305049585,0.9415983104093226,0.8210157426821102,True,True,True,
a2,2025-05-28,medium,65.3934571754665,81.91460863572514,81.4699004945079,16.52115146025865,16.076443319041402,0.2526422699434348,0.2458417709267826,80.9556862799151,-0.9589223558100457,0.9680144292871206,0.8772426125371785,True,True,True,
a2,2025-07-21,medium,73.6012364148882,93.2768750194507,93.1811158243012,19.675638604562494,19.579879409412996,0.26732755539120895,0.26602650122671495,91.0031635123236,-2.2737115071271035,0.888765795414932,1.0033453458108725,True,True,True,
a2,2025-10-06,major,71.0447474098456,85.6687334850678,84.5497376255467,14.623986075222206,13.504990215701099,0.2058419039884653,0.19009132565132517,81.8657028092163,-3.8030306758515025,0.8012560710181117,0.9104053432465847,True,True,True,
a2,2025-12-10,major,48.9883940413064,65.53311156004865,65.40864115331505,16.544717518742253,16.420247112008646,0.33772728913693223,0.33518647494676596,61.61874947954685,-3.914362080501803,0.7691939927629634,0.7042999549472752,True,True,True,
a2,2026-01-29,major,38.7416088243307,59.18738392635435,58.49761152106775,20.445775102023653,19.756002696737056,0.5277471876486244,0.5099427539604342,55.0314367409442,-4.155947185410149,0.8245508044653166,0.6298841320100276,True,True,True,
a2,2026-03-12,medium,37.299804381546394,50.7218488359352,50.5749318875537,13.422044454388804,13.275127506007308,0.35984222107688024,0.3559034082381142,49.40308381523995,-1.3187650206952455,0.9117260401616888,0.5445751757229448,True,True,True,
a3,2024-05-29,medium,112.628467067397,,,,,,,121.1116422891,,,,False,False,False,post_day1_missing|post_1_3_valid_days_lt_2
a3,2024-07-18,medium,115.7753077796245,122.0645355747935,120.803219218292,6.289227795168998,5.027911438667502,0.054322704174022934,0.04342818460252345,119.4370154013555,-2.6275201734380005,0.7282760777308805,1.009358878909967,True,True,True,
a3,2024-09-30,medium,98.16873260006565,,,,,,,100.9163380482435,,,,False,False,False,post_day1_missing|post_1_3_valid_days_lt_2
a3,2024-11-30,medium,70.6167077788506,92.1254757267771,91.5344353647637,21.5087679479265,20.9177275859131,0.3045846885879362,0.29621499279491853,87.8669406204789,-4.258535106298197,0.824670498780439,0.7648065644217938,True,True,True,
a3,2025-01-17,medium,69.0085776338597,94.5835626976787,93.3308814551264,25.574985063819,24.3223038212667,0.3706058861191539,0.3524533421093545,89.6429382013794,-4.940624496299307,0.8483719601215416,0.7798165850447885,True,True,True,
a3,2025-03-05,medium,71.3504448978816,88.1335154249107,88.0582374344901,16.783070527029096,16.707792536608494,0.23522026458348527,0.23416521873859472,86.70408450105685,-1.4294309238538432,0.9189508170833368,0.7357615499886121,True,True,True,
a3,2025-05-06,medium,75.8381457709993,,98.9473970625907,,,,,98.2681463402818,,0.9706069784027989,0.8267448037927213,False,False,True,post_day1_missing|post_1_3_valid_days_lt_2
a3,2025-07-02,major,92.0366562237859,102.319847156444,102.319847156444,10.283190932658101,10.283190932658101,0.11172929737532684,0.11172929737532684,101.881348826348,-0.4384983300959959,0.9573577566567026,0.8549229638445699,True,True,True,
a3,2025-09-15,medium,90.32581803838235,119.81234655709201,119.5586638605175,29.48652851870966,29.232845822135147,0.32644629364087113,0.323637764450837,116.764897463497,-3.04744909359502,0.9044305705295014,0.9989601245655593,True,True,True,
a3,2025-11-17,major,84.0670310107286,101.51718967961651,100.972192887315,17.45015866888791,16.905161876586405,0.20757434227290514,0.20109145848660903,97.62813787485476,-3.889051804761749,0.8021873415426001,0.843662777145503,True,True,True,
a3,2026-01-20,medium,61.06724342900715,86.15186454618765,85.8605080319794,25.084621117180504,24.793264602972258,0.4107704836283018,0.4059994067326015,82.23402716732535,-3.917837378862302,0.8537312079418816,0.7173986479052067,True,True,True,
a3,2026-02-24,medium,62.960334112411246,77.23221552013041,76.81313611833116,14.271881407719164,13.852802005919912,0.22668052209249276,0.22002427720899176,75.68949740989125,-1.5427181102391643,0.9188872613670698,0.6418042620027924,True,True,True,
a3,2026-04-05,medium,68.61455506762906,81.04938035981425,80.4932609621233,12.434825292185195,11.878705894494246,0.18122722328999977,0.17312224618794295,,,,0.672553166797014,True,True,False,post_1_7_valid_days_lt_3
a4,2024-05-28,medium,38.80225538861005,84.3841705482346,83.9397146735887,45.58191515962454,45.13745928497865,1.1747233428344628,1.163268960345749,83.6237715533244,-0.7603989949101901,0.9930004230351211,0.736153702134747,True,True,True,
a4,2024-07-16,medium,79.11249822806525,106.989508522964,106.989508522964,27.877010294898753,27.877010294898753,0.3523717607113733,0.3523717607113733,105.8092206217595,-1.1802879012045082,0.9576608865614082,0.9383010544535335,True,True,True,
a4,2024-09-21,medium,84.7999702731947,107.622608504713,106.67614911389151,22.822638231518297,21.87617884069681,0.26913497915143186,0.25797389751694144,103.637718502075,-3.9848900026379965,0.8611077997696728,0.9355528834598089,True,True,True,
a4,2024-11-20,medium,73.06883391057386,88.3766341647966,88.1376978493397,15.307800254222741,15.068863938765844,0.2094983515537879,0.2062283347399255,85.6183328579667,-2.7583013068298925,0.8328098918663849,0.7729701348370236,True,True,True,
a4,2025-01-18,medium,58.8685116239379,,98.04021087647371,,39.17169925253581,,0.6654100498203744,96.40360951710775,,0.9582198017804906,0.8598154577417958,False,True,True,post_day1_missing
a4,2025-02-20,medium,87.1401553836888,111.22409796524599,110.966821358956,24.08394258155718,23.82666597526719,0.27638168047225325,0.27342923443681566,108.2766126565005,-2.9474853087454846,0.8870925246004618,0.9731822019550369,True,True,True,
a4,2025-04-10,medium,98.1458757446661,105.07722621762,104.9158943013185,6.931350472953895,6.770018556652403,0.07062294182372295,0.06897914461800837,103.9358303749505,-1.1413958426694961,0.8552346765128189,0.9201153983311652,True,True,True,
a4,2025-06-04,medium,98.6451864933487,108.030655404498,107.849516562905,9.385468911149303,9.204330069556292,0.09514370893081674,0.09330744252966573,106.11820628105,-1.912449123447999,0.8119026296567341,0.9458433495986873,True,True,True,
a4,2025-08-06,medium,103.099523038233,124.37308076068351,124.37308076068351,21.273557722450505,21.273557722450505,0.2063400207444365,0.2063400207444365,124.95424116472,0.5811604040364955,1.0273184397089905,1.090755480929569,True,True,True,
a4,2025-10-10,medium,102.376132414605,105.635084696671,104.635411504328,3.258952282066005,2.259279089723009,0.03183312560458752,0.02206841610868179,102.486853374616,-3.148231322054997,0.0490072078808921,0.917655556167148,True,True,True,
a4,2025-12-09,medium,76.7645039590261,99.23810803312139,98.90487447910189,22.47360407409529,22.14037052007579,0.2927603633847595,0.2884193784655139,96.3653180703645,-2.8727899627568974,0.8852974747448489,0.8673985823050746,True,True,True,
a4,2026-01-21,medium,77.7478988832152,109.1700322091965,108.62023205071651,31.422133325981306,30.87233316750131,0.40415411576820054,0.3970825399908815,105.994711797449,-3.1753204117475065,0.9149555610512994,0.9526025465038866,True,True,True,
a4,2026-03-12,medium,88.2974733553929,,114.78918601857175,,26.49171266317886,,0.3000279810561628,113.49376674081,,0.951100961488146,1.0067044495112407,False,True,True,post_day1_missing
a5,2024-05-19,medium,101.219575313384,115.54213300327149,115.62811509935099,14.32255768988749,14.408539785966994,0.14149987930243424,0.14234934044483974,115.38116900875201,-0.16096399451947718,0.9828611299779668,0.9843850860502988,True,True,True,
a5,2024-07-18,medium,109.873108779755,118.2364375370455,118.18405442565151,8.363328757290503,8.31094564589651,0.0761180679255661,0.07564130785228013,117.4260846301325,-0.8103529069130104,0.9087986099520142,1.0061447467651503,True,True,True,
a5,2024-09-21,major,107.365983631985,112.874580614394,112.48478605856201,5.508596982409003,5.118802426577005,0.05130672486819147,0.04767620295942673,108.108664854648,-4.765915759746008,0.1450888627400361,0.957624758549995,True,True,True,
a5,2024-11-24,medium,84.0695893493556,116.0000848610695,115.428113692223,31.9304955117139,31.358524342867398,0.3798102947669347,0.3730067505451395,112.329391890558,-3.670692970511496,0.9011840682366227,0.9826823997944802,True,True,True,
a5,2025-01-21,medium,88.07367363863139,119.142859645245,117.920819312657,31.069186006613606,29.84714567402561,0.35276359805418467,0.33888839242120455,115.493288536542,-3.6495711087030003,0.9186679087297933,1.0039037284874253,True,True,True,
a5,2025-02-25,medium,101.456240681067,110.272804021893,109.621005187728,8.816563340825994,8.164764506661001,0.08690015795619041,0.08047572482334887,108.246505824729,-2.026298197163996,0.831654744986502,0.9332443284396977,True,True,True,
a5,2025-04-15,medium,97.1792546567569,103.718133324621,103.6711208103785,6.538878667864097,6.491866153621601,0.0672867752583596,0.06680300416535681,102.222377531206,-1.495755793414986,0.7768371613200492,0.8825907530549045,True,True,True,
a5,2025-06-14,medium,87.6777655612735,104.216035748573,104.216035748573,16.538270187299503,16.538270187299503,0.1886255891836312,0.1886255891836312,103.7963596848155,-0.41967606375750677,0.9746239444026138,0.8872298162953958,True,True,True,
a5,2025-08-19,medium,96.56666102249196,101.19692290585701,101.074890366614,4.630261883365051,4.508229344122043,0.04794886593714354,0.046685152995732164,100.20826715523,-0.9886557506270037,0.8077686059796574,0.8604880790936832,True,True,True,
a5,2025-11-06,medium,60.0861439180521,73.88237424649284,73.19054880808145,13.796230328440743,13.104404890029343,0.22960751728812215,0.21809362417900635,69.96946738310365,-3.912906863389196,0.754198572769329,0.623098323661217,True,True,True,
a5,2026-01-08,medium,38.713163273317846,65.9467717891756,65.3412031189142,27.233608515857753,26.628039845596348,0.7034715381842198,0.6878290894908375,62.3434018248803,-3.6033699642952968,0.8874193777906015,0.5562739287030325,True,True,True,
a5,2026-02-26,medium,36.7371143200573,58.59190995757095,57.83363396504235,21.854795637513647,21.09651964498505,0.5948969058133567,0.5742563082443037,56.570867993963745,-2.0210419636072032,0.9401433984217019,0.49235920431949726,True,True,True,
a5,2026-04-03,medium,48.5104621936956,81.64466143779545,81.47394416566925,33.13419924409985,32.96348197197365,0.6830320253762899,0.6795128407631945,80.09760020350569,-1.5470612342897567,0.9582464023875341,0.693617944644933,True,True,True,
a6,2024-06-06,medium,36.0946910836603,61.5475824324558,61.52568294333765,25.452891348795497,25.43099185967735,0.7051699456244346,0.7045632223512698,61.110909787856,-0.4366726445997955,0.9836902485844723,0.591297986710367,True,True,True,
a6,2024-08-27,medium,54.30497944945035,82.71064493044405,82.50882038774904,28.405665480993697,28.20384093829869,0.5230766270234029,0.5193601254292374,79.8425292776401,-2.868115652803951,0.9054635460488532,0.7929582744502678,True,True,True,
a6,2024-11-06,major,41.6673133874083,,62.84393169235338,,21.17661830494508,,0.508230950914742,58.277577736158,,0.7843681228778128,0.6039671322441814,False,True,True,post_day1_missing
a6,2024-12-31,medium,30.0594132588173,71.09103459294684,71.02630650212996,41.03162133412954,40.966893243312654,1.365017373454346,1.3628640349889687,68.5992154967095,-2.491819096237336,0.9407548189948076,0.6826045649401548,True,True,True,
a6,2025-02-19,major,48.10670300409615,72.8689277208669,72.2707714174273,24.76222471677076,24.16406841333115,0.514735435406212,0.5023014861624097,70.30475995130149,-2.5641677695654153,0.9186390539665427,0.6945646044512105,True,True,True,
a6,2025-04-11,medium,56.9120360684931,82.2237842166425,82.1228498612746,25.311748148149398,25.2108137927815,0.4447521103916744,0.44297859529117045,81.2913452859965,-0.9324389306460006,0.9670179399160774,0.7892488707619891,True,True,True,
a6,2025-06-04,medium,72.1130183311281,97.106119178768,97.0306179538166,24.993100847639894,24.9175996226885,0.346582370645987,0.34553538597250255,96.317780529383,-0.7883386493849969,0.9713922113194028,0.9325212870565517,True,True,True,
a6,2025-08-23,medium,87.4613825392079,123.3361127326515,122.68167197599351,35.8747301934436,35.220289436785606,0.4101779454190697,0.402695320085945,121.600708374531,-1.7354043581205048,0.969308497495381,1.1790429975799532,True,True,True,
a6,2025-11-02,medium,87.1819500858833,105.3574299137445,104.83204989073701,18.175479827861196,17.65009980485371,0.20847755538797258,0.20245130772443748,102.234915652854,-3.1225142608904974,0.8528544163150392,1.0074976347714943,True,True,True,
a6,2026-01-03,medium,73.41646095967005,96.1407081426762,95.7917253200831,22.724247183006156,22.375264360413055,0.3095252329785999,0.30477176464150846,91.92914750062116,-4.211560642055048,0.8273728632991828,0.9206148004475111,True,True,True,
a6,2026-02-15,medium,69.68334849976853,85.2474401992108,84.77555176460686,15.564091699442272,15.092203264838332,0.2233545321016537,0.21658263544680928,82.05933033071385,-3.1881098684969515,0.8200248574559529,0.8147428956918331,True,True,True,
a6,2026-03-25,medium,73.16003427931975,87.34616234694971,87.34616234694971,14.186128067629966,14.186128067629966,0.19390543221273449,0.19390543221273449,85.48989590262545,-1.8562664443242625,0.8691491832390892,0.8394479747619109,True,True,True,
a7,2024-05-18,medium,83.87734116054945,94.0550721287407,93.75478461332969,10.177730968191256,9.877443452780241,0.12134064846798233,0.11776056937562966,92.696269573303,-1.3588025554377055,0.8928351202325793,0.8987828360077961,True,True,True,
a7,2024-07-04,medium,86.2334507395979,104.652294379127,104.34057372844251,18.4188436395291,18.10712298884461,0.21359279353378902,0.209977947461749,102.925848155558,-1.726446223568999,0.9218691134005061,1.000263796168936,True,True,True,
a7,2024-09-24,medium,88.7269719532506,121.596704296963,120.752702566952,32.8697323437124,32.0257306137014,0.3704593047650849,0.3609469579394127,118.245765263042,-3.3509390339209943,0.921721151840406,1.1575991232483782,True,True,True,
a7,2024-11-22,medium,87.8971197241524,104.8240620023855,104.202986805275,16.9269422782331,16.3058670811226,0.19257675713783268,0.18551082370270283,101.0193736984105,-3.8046883039749986,0.8047565890838037,0.998944815324256,True,True,True,
a7,2025-01-20,medium,76.6262762157323,80.32369672975159,79.5045083236408,3.697420514019285,2.8782321079085023,0.048252645131933995,0.037561946763603346,76.7704982990548,-3.5531984306967956,0.050107871052585094,0.7621721681857269,True,True,True,
a7,2025-02-24,medium,67.33931184373711,96.0655505295392,95.6033616401231,28.726238685802088,28.26404979638599,0.42658943044238684,0.41972584843120414,93.7751045866352,-2.2904459429040003,0.9353151064104878,0.9165042708078716,True,True,True,
a7,2025-04-16,major,83.579039455355,102.917844907638,102.237070403527,19.338805452282998,18.658030948171998,0.2313834375018525,0.22323815958830762,,,,0.9800985033605026,True,True,False,post_1_7_valid_days_lt_3
a7,2025-06-16,medium,97.7781842336066,103.811758298631,103.161996446138,6.0335740650244105,5.38381221253141,0.06170675097227523,0.055061486922979505,102.18881158327349,-1.6229467153575143,0.819238705874748,0.9889653324519877,True,True,True,
a7,2025-09-01,medium,94.2398341725102,99.93289286634445,99.5956337561154,5.693058693834246,5.355799583605204,0.06041032164183194,0.056831589641819356,97.6909607849219,-2.241932081422547,0.6443718736182817,0.9547762978764107,True,True,True,
a7,2025-10-18,medium,79.4156571103918,,100.5639641305705,,21.14830702017869,,0.26629896156096106,97.8855827539797,,0.8733524449954689,0.9640592237957083,False,True,True,post_day1_missing
a7,2025-12-22,medium,65.08146537965575,69.46547851450916,68.9058030614694,4.384013134853404,3.8243376818136454,0.06736193030195402,0.05876231672879819,65.28702641966295,-4.178452094846207,0.05375075558435315,0.6605673870235417,True,True,True,
a7,2026-02-08,major,40.02349660557743,68.1775403470685,68.1775403470685,28.154043741491073,28.154043741491073,0.7034378834748711,0.7034378834748711,64.36055318368855,-3.816987163379949,0.8644249046983332,0.6535858763677654,True,True,True,
a7,2026-03-25,medium,52.0313584982909,68.8570968981098,68.29334828104865,16.825738399818903,16.26198978275775,0.32337688050892593,0.3125420948463592,66.40944913291855,-2.447647765191249,0.8841532202825784,0.6546960723301812,True,True,True,pre_window_valid_days_lt_2
a8,2024-06-02,medium,114.704449112768,,130.44574238297702,,15.741293270209013,,0.13723350220472674,130.66279415767,,1.013788687559983,1.025722137754084,False,True,True,post_day1_missing
a8,2024-08-10,medium,126.8788691264635,132.189927571749,131.24484123919302,5.3110584452854965,4.365972112729523,0.04185928265164332,0.034410553489232665,129.76684404000503,-2.42308353174397,0.6614735135667231,1.0320056190858724,True,True,True,
a8,2024-10-31,medium,87.06371111103951,114.9899897333745,114.089737030711,27.92627862233499,27.026025919671497,0.32075681435998415,0.3104166543647902,111.346474212174,-3.6435155212004986,0.8984955158893613,0.8971114489836634,True,True,True,
a8,2025-01-03,medium,85.91548927581326,88.8404665111528,88.6932611074795,2.92497723533954,2.777771831666243,0.034044818460493516,0.03233144401644274,85.9495382091029,-2.8909283020499004,0.012257642222981086,0.6974136505003868,True,True,True,
a8,2025-02-13,medium,70.2224315330411,99.79017230372929,99.39734564462175,29.56774077068819,29.174914111580648,0.4210583445373286,0.41546431068615514,96.1767698841365,-3.613402419592788,0.8896114741531707,0.7815821045531332,True,True,True,
a8,2025-03-27,medium,83.0254230059178,95.4066176783399,95.2454132000214,12.381194672422097,12.219990194103602,0.14912534286684218,0.14718371495960458,93.89788625326835,-1.5087314250715451,0.8897276572772326,0.7489345919161721,True,True,True,
a8,2025-05-13,medium,85.2544676374733,107.9330337676405,107.500805733157,22.678566130167198,22.246338095683697,0.26601029551440086,0.2609404376352636,106.489740014948,-1.4432937526924974,0.9545513641903534,0.8453013049913835,True,True,True,
a8,2025-07-06,medium,99.9893235033178,104.561708233399,104.561708233399,4.572384730081197,4.572384730081197,0.04572872952710274,0.04572872952710274,103.469201205143,-1.0925070282560085,0.7610640633390866,0.8221905670290162,True,True,True,
a8,2025-09-08,medium,91.7576422515039,94.1897432722938,94.1897432722938,2.4321010207899008,2.4321010207899008,0.026505705259117412,0.026505705259117412,92.0535959969003,-2.1361472753934976,0.1216864525225531,0.7406336386213349,True,True,True,
a8,2025-11-03,medium,64.14210181720804,89.2709077160329,88.5433738473829,25.12880589882485,24.40127203017485,0.3917677342478867,0.3804252018387785,86.18958156212805,-3.0813261539048398,0.9035381318504987,0.6962350556452399,True,True,True,
a8,2025-12-28,medium,64.18863421101055,74.1889797537193,73.6773204845521,10.000345542708743,9.488686273541546,0.15579620388609766,0.14782502214253238,71.01237373166356,-3.1766060220557364,0.7191448135112726,0.5793401707932604,True,True,True,
a8,2026-02-09,medium,49.8796236010463,67.06593134230985,65.64241096817909,17.186307741263555,15.762787367132795,0.3445556822706867,0.3160165660673139,62.1140425638038,-4.951888778506053,0.7761583454629133,0.5161599978321667,True,True,True,
a8,2026-03-31,medium,45.252556916108404,64.67096387577746,64.69110573468689,19.418406959669056,19.438548818578482,0.4291118178287236,0.42955691663157725,62.56577340492665,-2.1051904708508076,0.8906640434120814,0.5086796859421129,True,True,True,
a9,2024-05-30,medium,76.5131489398356,102.43400322707001,102.35914532337576,25.920854287234405,25.845996383540154,0.33877646713529835,0.33779810060965565,102.482628574358,0.04862534728799517,1.0047776548889749,0.9773538116714159,True,True,True,
a9,2024-08-02,medium,96.68425319562495,104.524665846118,104.730901031968,7.84041265049305,8.046647836343055,0.08109296386278377,0.08322604323231379,105.130620461275,0.6059546151570032,1.0496752731617813,1.0,True,True,True,
a9,2024-10-15,medium,86.8478386887418,105.088275448058,104.333020843735,18.240436759316196,17.485182154993197,0.21002752670321465,0.20133122964244618,101.613887216853,-3.4743882312049976,0.8444892593752303,0.9962009284336095,True,True,True,
a9,2024-12-15,medium,74.6207493629595,83.49881285752664,82.76463953187644,8.878063494567144,8.14389016891694,0.11897580190978445,0.10913707297824901,78.4856616816904,-5.013151175836242,0.4745781485956482,0.7902599778704607,True,True,True,
a9,2025-01-31,medium,52.6741489645508,,,,,,,80.171755988467,,,,False,False,False,post_day1_missing|post_1_3_valid_days_lt_2
a9,2025-03-19,medium,63.2767134076332,80.5244020011574,80.448065231775,17.247688593524195,17.1713518241418,0.27257560743418086,0.2713692115063357,78.6257079325884,-1.8986940685690001,0.8938722287068575,0.7681406770979567,True,True,True,
a9,2025-05-15,major,66.9294458970587,83.59270746137135,83.1983810026356,16.66326156431265,16.2689351055769,0.24896757086472365,0.24307589712604896,81.6210880219594,-1.9716194394119526,0.9030487877393083,0.794401463014628,True,True,True,
a9,2025-07-09,medium,74.18507403501165,92.62249594843931,92.21113467091,18.437421913427656,18.026060635898347,0.2485327696070791,0.24298770164185515,91.2023969742549,-1.4200989741844126,0.944040036421145,0.8804577613894826,True,True,True,
a9,2025-09-12,medium,83.17168794827941,106.447057715388,105.7557845449935,23.275369767108586,22.58409659671409,0.27984726944080357,0.2715358694025554,102.166443897496,-4.280613817892004,0.8410677782869674,1.0097858750657809,True,True,True,
a9,2025-11-16,medium,70.36325215927695,90.2008777635011,89.1555503112217,19.837625604224144,18.79229815194475,0.2819316190689841,0.2670754630471852,86.7416650969332,-3.4592126665678933,0.8715492275201746,0.8512821854173479,True,True,True,
a9,2026-01-09,medium,58.244942570590496,69.1248078831741,68.6096993901862,10.879865312583604,10.364756819595698,0.18679502172051507,0.17795118961674716,67.0131432008515,-2.1116646823225977,0.8459629861921865,0.6551046416495911,True,True,True,
a9,2026-02-23,medium,48.075061664106556,76.7865975464778,76.40227114147746,28.711535882371237,28.3272094773709,0.5972230692697713,0.5892287705274094,,,,0.7295103010539026,True,True,False,post_1_7_valid_days_lt_3
a9,2026-04-01,major,68.42481496117199,,86.8373813969229,,,,,84.5261312458208,,0.8744743075786312,0.8291476588215039,False,False,True,post_day1_missing|post_1_3_valid_days_lt_2
a10,2024-05-25,medium,119.260266857248,141.6506116546025,141.6506116546025,22.3903447973545,22.3903447973545,0.18774354097459187,0.18774354097459187,141.3923427725175,-0.258268882084991,0.9884651672664055,1.0213742545203364,True,True,True,
a10,2024-07-25,major,138.4274623382755,145.234025833258,145.42729217895447,6.806563494982498,6.999829840678984,0.0491706152811592,0.05056677137931984,146.06595735727598,0.831931524017989,1.0912401005250083,1.0486060766075382,True,True,True,
a10,2024-10-01,medium,124.759991895217,126.9871527218385,126.829030764605,2.2271608266214997,2.0690388693879953,0.017851562770956574,0.016584153605313894,124.23405804732201,-2.7530946745164897,-0.25419234779796906,0.914502981918654,True,True,True,
a10,2024-11-20,medium,97.3491552544051,101.283844895733,100.789463712952,3.9346896413278927,3.4403084585468946,0.04041832341580433,0.03533989020815071,97.8161156501573,-3.467729245575697,0.13573213023736505,0.7267442205921177,True,True,True,
a10,2025-01-18,medium,68.2346120550131,96.16126169596275,95.4294426215316,27.92664964094965,27.194830566518505,0.4092739564260176,0.3985489145097373,92.4912497626292,-3.670011933333555,0.8919576699801237,0.6880956931871539,True,True,True,
a10,2025-02-24,medium,75.5131595224285,93.9158788486118,93.1524829089444,18.402719326183302,17.639323386515912,0.24370214996390702,0.2335927075237367,91.43980805025825,-2.476070798353547,0.9029058642920861,0.6716776346849616,True,True,True,
a10,2025-04-11,major,80.8824506127193,95.4631900988347,95.2036491142809,14.580739486115405,14.32119850156161,0.1802707432287232,0.17706187674918827,94.12378546547666,-1.3394046333580434,0.9245968381287014,0.6864676050874989,True,True,True,
a10,2025-06-05,medium,83.7301424502668,102.239251167637,102.121666972003,18.509108717370196,18.3915245217362,0.22105669685638066,0.2196523734885584,102.452012361261,0.21276119362400436,1.0179618274095537,0.7363500958840693,True,True,True,
a10,2025-08-19,medium,96.4974428846984,101.9192873119695,101.06230884371,5.421844427271097,4.564865959011598,0.05618640520608903,0.047305563987493485,100.785330430236,-1.1339568817334964,0.9393238671275311,0.7287115752598615,True,True,True,
a10,2025-11-01,medium,63.3291113358617,76.7441907693735,76.5983848541195,13.415079433511806,13.269273518257805,0.2118311650129722,0.2095288128690943,74.9911952147055,-1.7529955546680043,0.8788788521690659,0.5523140162543456,True,True,True,
a10,2026-01-01,major,36.9564149886565,49.3230315811793,48.958543573549804,12.366616592522803,12.002128584893306,0.3346270626173736,0.32476441745167306,45.915914041193,-3.4071175399863023,0.7464925066553223,0.35301644914013386,True,True,True,
a10,2026-02-13,medium,27.4133580198165,48.8037676539503,47.4460731932819,21.390409634133803,20.032715173465398,0.7802914775589024,0.7307647300627745,42.649355455469546,-6.154412198480756,0.7605557860591006,0.3421107545646877,True,True,True,
a10,2026-03-26,medium,29.06388517552775,52.94869185478525,52.789792587952505,23.8848066792575,23.725907412424753,0.8218036417020008,0.8163364006269314,51.5484326767382,-1.400259178047051,0.9476791386885279,0.38064173829531966,True,True,True,
